{
  "inputData": {
    "counts": {
      "provider": "irods",
      "path": "home/rods/test_collection/counts_data.csv"
    },
    "sample_info": {
      "provider": "irods",
      "path": "home/rods/test_collection/sample_info.csv"
    }
  },
  "outputData": {
    "result": {
      "provider": "irods",
      "path": "home/rods/test_collection/report.nb.html"
    }
  },
  "parameters": {
    "treatment_status": {
      "description": "Column name for dexamethasone treatment status",
      "parameter": "dexamethasone"
    }
  }
}
